asin,product_title,brand,overall_sentiment,avg_sentiment_score,reviews_analyzed,discrepancies,dalle_prompt,image1_model,image1_filename,image1_score,image2_model,image2_filename,image2_score,best_image,vision_summary,analyzed_at
B00MGBBMTY,Levi's Men's 541 Athletic Fit Jeans (Also Available in Big & Tall),Levi's Store,positive,0.75,10,"The jeans shrank after washing, resulting in a length that is now too short and a decrease in softness. | Different material ratios and fits of the different colors were noted, which affected the overall satisfaction.","Professional product photography showing a pair of Levi's Men's 541 Athletic Fit Jeans that appear noticeably shorter after washing, with a stiff texture. The jeans are displayed in various colors, highlighting inconsistencies in material and fit. The background features a measuring tape and a washing machine to emphasize the shrinkage issue. Include a dissatisfied customer in the foreground, looking at the jeans with a puzzled expression.",DALL-E 3 Natural,B00MGBBMTY_dalle3_natural_20251201_170815.png,8,DALL-E 3 Vivid,B00MGBBMTY_dalle3_vivid_20251201_170829.png,7,1,"Image 1 better captures the complaints by illustrating multiple colors for material differences, along with visual cues for shrinking and length issues.",2025-12-01T17:08:38.466252
B0BPF1R8KC,"Champion Men's Classic Everyday Soft, Comfortable T-Shirt (Regular or Big & Tall)",Champion Store,positive,0.63,10,"The reviewer mentions that the shirt runs very large, which may contradict the expected fit as described in the product description. | The review mentions that the C logo patch color may vary from the image, indicating a potential visual discrepancy. | Sizing of the shirts does not match the expected dimensions, leading to confusion and dissatisfaction. | Received the wrong order","Professional e-commerce product photography of a Champion Men's Classic Everyday Soft T-Shirt displayed on a clean white background. The shirt is shown crumpled slightly to emphasize its oversized fit, with a close-up of the C logo patch in varying colors. Include a measuring tape beside the shirt to highlight sizing discrepancies. The lighting is soft and even, creating a high-end commercial aesthetic without any human models.",DALL-E 3,B0BPF1R8KC_dalle3_20251201_171705.png,,GPT-Image-1,,,,,2025-12-01T17:17:05.640515
B0CN854MLC,ASICS Men's Gel-Nimbus 26 Running Shoes,ASICS Store,positive,0.68,10,"The sole is described as ivory/cream instead of white as expected. | The reviewer mentions sharp edges inside the shoe that cause discomfort, indicating a quality issue. | Reviewer compares the feel of the shoes to 'giant marshmello basketballs' and 'Rocky hunting boots', indicating a perception of bulkiness or heaviness that contrasts with expectations of a running shoe.","Professional e-commerce product photography of ASICS Men's Gel-Nimbus 26 Running Shoes, showcasing the shoes on a clean white gradient background. The image should highlight the ivory/cream sole instead of white, and capture the sharp edges inside the shoe subtly. The shoes should appear bulky, resembling 'giant marshmallow basketballs', with a focus on their quality issues while maintaining a high-end photorealistic aesthetic. No human models.",DALL-E 3,B0CN854MLC_dalle3_20251201_171736.png,,GPT-Image-1,,,,,2025-12-01T17:17:36.470392
B07PZ8M9H4,Amazon Essentials Men's Heavyweight Hooded Puffer Coat,Amazon Essentials Store,positive,0.88,10,,"Professional e-commerce product photography of an Amazon Essentials Men's Heavyweight Hooded Puffer Coat, displayed on a clean white background. The coat is shown from a slightly angled view to highlight subtle stitching imperfections and fabric texture inconsistencies, emphasizing quality concerns. The lighting is soft yet bright, enhancing the coat's features while maintaining a photorealistic, high-end commercial photography aesthetic.",DALL-E 3,B07PZ8M9H4_dalle3_20251201_171814.png,9,DALL-E 2,B07PZ8M9H4_dalle2_20251201_171827.png,6,1,"Image 1 from DALL-E 3 is more suitable for e-commerce due to its polished and professional appearance. It provides a high-quality representation of the product, though it doesn't highlight any quality issues. For seller improvement, focusing on maintaining high-resolution images while illustrating product features or potential concerns can enhance the shopping experience.",2025-12-01T17:18:44.332087
B0DS59CZZQ,GRACE KARIN Women's 2025 Summer Babydoll Tops Casual Crewneck Ruffle Sleeve Shirts Loose Fit Pleated Blouse Outfits,GRACE KARIN Store,positive,0.61,7,"The fabric is described as rough, which may not match the expectation of a soft and comfortable blouse. | The shirt is described as excessively baggy and unflattering, contrasting with the expectation of a stylish fit. | The reviewer appreciates the cute details and fabric but expresses a dislike for the ruffle on the bottom, indicating a visual discrepancy between expectation and personal taste.","Professional e-commerce product photography of a GRACE KARIN Women's 2025 Summer Babydoll Top. The blouse is displayed on a clean white background, showcasing its ruffle sleeves and loose fit. The fabric appears slightly rough to emphasize customer complaints about comfort. The shirt is styled to highlight its bagginess, with a focus on the ruffle detail at the bottom, capturing the cute yet unflattering aspects. High-end lighting enhances the textures and details.",DALL-E 3,B0DS59CZZQ_dalle3_20251201_171926.png,8,DALL-E 2,B0DS59CZZQ_dalle2_20251201_171940.png,6,1,"Image 1 is better for seller improvement due to its professional quality and ability to highlight detailed features like ruffles, which are a complaint point. Improvements could include better depiction of fabric texture and fit to align more closely with customer feedback.",2025-12-01T17:19:55.487859
B01H7ENCLA,Levi Strauss Signature Gold Men's Carpenter Jeans,Levi Strauss Signature Gold Store,positive,0.63,10,"The jeans were not adequately wrapped for shipping, leading to concerns about visibility and handling during delivery.","Professional e-commerce product photography of Levi Strauss Signature Gold Men's Carpenter Jeans on a clean white background. The jeans are displayed with a slight opening to reveal the packaging issues, showing wrinkles and creases from inadequate wrapping. The lighting highlights the fabric texture and stitching details, emphasizing quality concerns while maintaining a high-end commercial photography aesthetic. No human models, just the product.",DALL-E 3,B01H7ENCLA_dalle3_20251201_172101.png,8,DALL-E 2,B01H7ENCLA_dalle2_20251201_172113.png,5,1,Image 1 is better for addressing seller improvement as it visualizes the jeans with packaging. Image 2 can be enhanced by adding context around packaging and shipping to match the customer complaint.,2025-12-01T17:21:31.418203
B096YQ5KTS,Amazon Essentials Men's Classic-Fit Expandable-Waist Pleated Dress Pant,Amazon Essentials Store,positive,0.71,10,"Ordered length 29 appears to be oversized by 3 inches. | The length of the pants is shorter than expected, indicating a discrepancy in sizing.","Professional e-commerce product photography of Amazon Essentials Men's Classic-Fit Expandable-Waist Pleated Dress Pant. Display the pants laid flat on a clean white background, showcasing the waist and hem area to highlight the oversized length issue. Use professional lighting to enhance fabric texture and detail, ensuring a photorealistic, high-end commercial aesthetic without any human models.",DALL-E 3,B096YQ5KTS_dalle3_20251201_172116.png,8,DALL-E 2,B096YQ5KTS_dalle2_20251201_172131.png,7,1,"Image 1 is better for seller improvement as it visually represents the product's sizing issues effectively, allowing customers to anticipate potential discrepancies.",2025-12-01T17:21:49.716421
B07VPH7GTM,TACVASEN Men's Bomber Jacket Lightweight Casual Spring Fall Windbreaker Zip Up Coat with Pocket,TACVASEN Store,positive,0.7,10,"The packaging could be more presentable. | The jacket was expected to fit as an XXL but fit like a Large, leading to dissatisfaction despite the positive remarks about its appearance and quality. | The jacket was visually appealing, but the size was larger than expected.","Professional e-commerce product photography of a TACVASEN Men's Bomber Jacket, displayed on a clean white background. The jacket is shown unzipped to highlight its quality and stitching. The size label is subtly visible, indicating XXL, but the fit appears snug, hinting at size discrepancies. The packaging is partially shown, appearing plain and unremarkable, reflecting customer feedback. The lighting emphasizes the jacket's texture and color, maintaining a high-end commercial aesthetic.",DALL-E 3,B07VPH7GTM_dalle3_20251201_172235.png,8,DALL-E 2,B07VPH7GTM_dalle2_20251201_172252.png,6,1,"Image 1 is more suitable for commercial purposes due to its professional setting and clear depiction of the product. To address size issues more explicitly, including a size guide or showing the jacket on a model might be beneficial.",2025-12-01T17:23:11.772964
B09NN25LWJ,TAOHUADAO Womens 2025 Summer 3/4 Sleeve Tunic Tops Chiffon Work Blouse V-Neck Dressy Casual Shirt,TAOHUADAO Store,positive,0.66,10,"The shirt may arrive wrinkled, but can be easily fixed with water and a dryer. | The top was described as cute and fitting well, but the length was an issue for the reviewer, indicating a discrepancy between the expected and actual fit. | The reviewer finds the print beautiful but too busy, which contributes to a feeling of looking matronly. | The blouse has persistent wrinkles from packing that do not come out easily.","Professional e-commerce product photography of a TAOHUADAO Women's 2025 Summer 3/4 Sleeve Tunic Top in chiffon, displayed on a clean white background. The blouse is shown slightly wrinkled, emphasizing the packing issue, with a focus on the busy print that may appear matronly. The angle highlights the length discrepancy, showcasing the top's fit. High-end commercial lighting enhances the details, creating a photorealistic image without any human models.",DALL-E 3,B09NN25LWJ_dalle3_20251201_172240.png,8,DALL-E 2,B09NN25LWJ_dalle2_20251201_172256.png,9,2,"Image 2 is better for seller improvement due to its ability to visually communicate potential customer complaints about print busyness, while maintaining professional quality suitable for e-commerce.",2025-12-01T17:23:17.031606
B08KL9BZ17,PUMA Men's Axelion Cross Trainer,PUMA Store,positive,0.74,10,,"Professional e-commerce product photography of PUMA Men's Axelion Cross Trainer, showcasing the shoe from a slightly elevated angle to highlight the stitching quality and material texture. The background is a clean white gradient, with professional lighting that emphasizes the shoe's details while subtly revealing areas of wear or imperfections. The focus is on a photorealistic, high-end commercial aesthetic, with no human models present.",DALL-E 3,B08KL9BZ17_dalle3_20251201_172330.png,9,DALL-E 2,B08KL9BZ17_dalle2_20251201_172345.png,5,1,"Image 1 is superior for seller improvement as it offers a clean, professional look suitable for e-commerce. While Image 2 depicts issues, it's less viable for commercial purposes due to its unrefined appearance.",2025-12-01T17:24:05.417040
B00G99WZJU,"Hanes Men's Tagless Boxer Underwear, Exposed Waistband, Multi-packs Available",Hanes Store,positive,0.81,10,"The size chart did not match the actual size, leading to an incorrect fit.","Professional e-commerce product photography of Hanes Men's Tagless Boxer Underwear, featuring an exposed waistband. The photo should be taken from a slightly tilted angle to emphasize the waistband and the fit, highlighting the discrepancy between the size chart and actual size. Use a clean white background with soft gradient, ensuring professional lighting to enhance texture and detail. No human models, focus solely on the product, aiming for a photorealistic, high-end commercial look.",DALL-E 3,,,DALL-E 2,,,,,2025-12-01T17:29:32.041755
B00H383N8I,"Jerzees Men's Dri-Power Cotton Blend Long Sleeve Tees, Moisture Wicking, Odor Protection, UPF 30+, Sizes S-3x",Jerzees Store,positive,0.58,10,"The neon color is not as intense as expected, leading to concerns about visibility. | The tees are thinner than expected. | The review indicates that the shirts are thinner than expected, which may conflict with the product description that suggests a heavyweight jersey.","Professional e-commerce product photography of Jerzees Men's Dri-Power Cotton Blend Long Sleeve Tees. Display the tees laid flat on a clean white background, showcasing the fabric's thinness and less intense neon color. Use professional lighting to highlight the texture and transparency of the fabric, subtly emphasizing the quality concerns. Focus on the details, such as stitching and drape, to convey a high-end commercial aesthetic.",DALL-E 3,B00H383N8I_dalle3_20251201_173227.png,7,DALL-E 2,B00H383N8I_dalle2_20251201_173240.png,8,2,"Image 2 is better for seller improvement as it effectively displays the vibrant neon color, appealing for visibility. However, neither image clearly illustrates the shirt's thinness mentioned in complaints. Consider enhancing texture photography in Image 1 for a more accurate assessment of fabric weight and maintain the vividness of Image 2.",2025-12-01T17:32:59.970845
B0C8GBQ3QS,3 Pack Mens Polo Shirts Short Sleeve Sport Golf Tennis T Shirt Quick Dry Athletic Workout Polo,HUAKANG Store,positive,0.9,1,,"Professional e-commerce product photography of a 3 pack of men's polo shirts, short sleeve, in a clean white studio background. The shirts are displayed neatly, with one shirt slightly wrinkled to subtly highlight quality issues. The fabric texture is visible, showcasing potential flaws like uneven stitching or loose threads. The lighting is soft yet bright, emphasizing the colors and details of the shirts while maintaining a high-end commercial photography aesthetic.",DALL-E 3,B0C8GBQ3QS_dalle3_20251201_173426.png,8,DALL-E 2,B0C8GBQ3QS_dalle2_20251201_173440.png,7,1,"Image 1 is better due to its professional photography quality and attention to fabric detail. It demonstrates potential quality issues more effectively, making it ideal for understanding customer complaints related to textile. Image 2, though well-arranged, lacks the same level of detail and realism, which is crucial for e-commerce suitability.",2025-12-01T17:34:55.578468
B0B47NGW9D,ASICS Men's Gel-Venture 9 Running Shoes,ASICS Store,positive,0.69,10,The reviewer expresses concern that the light color will show dirt easily and may show surface abrasion wear in a short time. | The tread durability is significantly less than expected compared to previous ASICS models.,"Professional e-commerce product photography of ASICS Men's Gel-Venture 9 Running Shoes on a clean white background. The shoes are angled to highlight their light color, subtly showing dirt and surface abrasion wear. Include a close-up of the tread to emphasize its durability concerns compared to previous models. Use professional lighting to create a high-end, photorealistic aesthetic, with no human models present.",DALL-E 3,B0B47NGW9D_dalle3_20251201_203501.png,8,DALL-E 2,B0B47NGW9D_dalle2_20251201_203519.png,6,1,"Image 1 is better suited for addressing the customer concerns regarding dirt visibility on light-colored shoes. It is also more professional and suitable for e-commerce use. However, neither image effectively conveys the issue related to tread durability. Sellers should focus on adding more detailed shots of treads or close-ups that specifically highlight potential wear areas.",2025-12-01T20:35:27.495603
B092YTHSSV,Gerber Baby 5-Pack Solid Onesie Bodysuits,Brand: Gerber,positive,0.88,10,"The white cotton is slightly transparent, which may not be expected by all customers.","Professional e-commerce product photography of Gerber Baby 5-Pack Solid Onesie Bodysuits displayed on a clean white gradient background. The bodysuits are arranged neatly, with one positioned to subtly reveal the slight transparency of the white cotton fabric, showcasing the quality issue. The lighting is bright and even, highlighting the texture and details of the fabric while maintaining a photorealistic, high-end commercial photography aesthetic.",DALL-E 3,B092YTHSSV_dalle3_20251201_203843.png,8,DALL-E 2,B092YTHSSV_dalle2_20251201_203859.png,5,1,"Image 1 is better for seller improvement as it professionally displays the product and highlights the transparency issue clearly, making it suitable for addressing potential customer concerns on e-commerce platforms.",2025-12-01T20:39:08.013463
B0CS2YYTM4,"Hey Dude Wally Stretch Sox, Menâ€™s Shoes, Men's Slip-on Loafers, Comfortable & Light-Weight",Hey Dude Store,positive,0.8,10,,"Professional e-commerce product photography of Hey Dude Wally Stretch Sox men's slip-on loafers, showcasing the shoes from a slightly tilted angle to reveal subtle quality issues like uneven stitching and slight fabric fraying. The background is a clean white gradient, with a professional lighting setup highlighting the product's features. The image is photorealistic, capturing the essence of high-end commercial photography without any human models.",DALL-E 3,B0CS2YYTM4_dalle3_20251201_221732.png,8,DALL-E 2,B0CS2YYTM4_dalle2_20251201_221747.png,6,1,"Image 1 is better suited for addressing seller improvement as it highlights potential product flaws while maintaining high professional photography standards, making it more appropriate for e-commerce use.",2025-12-01T22:17:59.684836
